-- phpMyAdmin SQL Dump
-- version 4.2.7.1
-- http://www.phpmyadmin.net
--
-- Host: 127.0.0.1
-- Generation Time: Aug 08, 2015 at 09:03 PM
-- Server version: 5.6.20
-- PHP Version: 5.5.15

SET SQL_MODE = "NO_AUTO_VALUE_ON_ZERO";
SET time_zone = "+00:00";


/*!40101 SET @OLD_CHARACTER_SET_CLIENT=@@CHARACTER_SET_CLIENT */;
/*!40101 SET @OLD_CHARACTER_SET_RESULTS=@@CHARACTER_SET_RESULTS */;
/*!40101 SET @OLD_COLLATION_CONNECTION=@@COLLATION_CONNECTION */;
/*!40101 SET NAMES utf8 */;

--
-- Database: `devsteam`
--

-- --------------------------------------------------------

--
-- Table structure for table `admin`
--

CREATE TABLE IF NOT EXISTS `admin` (
  `id` int(11) NOT NULL DEFAULT '0',
  `name` varchar(20) NOT NULL,
  `admin_name` varchar(20) NOT NULL,
  `admin_password` varchar(20) NOT NULL
) ENGINE=InnoDB DEFAULT CHARSET=latin1;

--
-- Dumping data for table `admin`
--

INSERT INTO `admin` (`id`, `name`, `admin_name`, `admin_password`) VALUES
(0, 'Admin', 'admin', '12345'),
(1, 'Joy', 'joy', '12345');

-- --------------------------------------------------------

--
-- Table structure for table `district`
--

CREATE TABLE IF NOT EXISTS `district` (
`id` int(2) unsigned NOT NULL,
  `division_id` int(2) unsigned NOT NULL,
  `district_name` varchar(30) NOT NULL,
  `bn_name` varchar(50) NOT NULL,
  `lat` double NOT NULL,
  `lon` double NOT NULL,
  `website` varchar(100) NOT NULL
) ENGINE=InnoDB  DEFAULT CHARSET=utf8 AUTO_INCREMENT=65 ;

--
-- Dumping data for table `district`
--

INSERT INTO `district` (`id`, `division_id`, `district_name`, `bn_name`, `lat`, `lon`, `website`) VALUES
(1, 3, 'Dhaka', 'ঢাকা', 23.7115253, 90.4111451, 'www.dhaka.gov.bd'),
(2, 3, 'Faridpur', 'ফরিদপুর', 23.6070822, 89.8429406, 'www.faridpur.gov.bd'),
(3, 3, 'Gazipur', 'গাজীপুর', 24.0022858, 90.4264283, 'www.gazipur.gov.bd'),
(4, 3, 'Gopalganj', 'গোপালগঞ্জ', 23.0050857, 89.8266059, 'www.gopalganj.gov.bd'),
(5, 3, 'Jamalpur', 'জামালপুর', 24.937533, 89.937775, 'www.jamalpur.gov.bd'),
(6, 3, 'Kishoreganj', 'কিশোরগঞ্জ', 24.444937, 90.776575, 'www.kishoreganj.gov.bd'),
(7, 3, 'Madaripur', 'মাদারীপুর', 23.164102, 90.1896805, 'www.madaripur.gov.bd'),
(8, 3, 'Manikganj', 'মানিকগঞ্জ', 0, 0, 'www.manikganj.gov.bd'),
(9, 3, 'Munshiganj', 'মুন্সিগঞ্জ', 0, 0, 'www.munshiganj.gov.bd'),
(10, 3, 'Mymensingh', 'ময়মনসিং', 0, 0, 'www.mymensingh.gov.bd'),
(11, 3, 'Narayanganj', 'নারায়াণগঞ্জ', 23.63366, 90.496482, 'www.narayanganj.gov.bd'),
(12, 3, 'Narsingdi', 'নরসিংদী', 23.932233, 90.71541, 'www.narsingdi.gov.bd'),
(13, 3, 'Netrokona', 'নেত্রকোনা', 24.870955, 90.727887, 'www.netrokona.gov.bd'),
(14, 3, 'Rajbari', 'রাজবাড়ি', 23.7574305, 89.6444665, 'www.rajbari.gov.bd'),
(15, 3, 'Shariatpur', 'শরীয়তপুর', 0, 0, 'www.shariatpur.gov.bd'),
(16, 3, 'Sherpur', 'শেরপুর', 25.0204933, 90.0152966, 'www.sherpur.gov.bd'),
(17, 3, 'Tangail', 'টাঙ্গাইল', 0, 0, 'www.tangail.gov.bd'),
(18, 5, 'Bogra', 'বগুড়া', 24.8465228, 89.377755, 'www.bogra.gov.bd'),
(19, 5, 'Joypurhat', 'জয়পুরহাট', 0, 0, 'www.joypurhat.gov.bd'),
(20, 5, 'Naogaon', 'নওগাঁ', 0, 0, 'www.naogaon.gov.bd'),
(21, 5, 'Natore', 'নাটোর', 24.420556, 89.000282, 'www.natore.gov.bd'),
(22, 5, 'Nawabganj', 'নবাবগঞ্জ', 24.5965034, 88.2775122, 'www.chapainawabganj.gov.bd'),
(23, 5, 'Pabna', 'পাবনা', 23.998524, 89.233645, 'www.pabna.gov.bd'),
(24, 5, 'Rajshahi', 'রাজশাহী', 0, 0, 'www.rajshahi.gov.bd'),
(25, 5, 'Sirajgonj', 'সিরাজগঞ্জ', 24.4533978, 89.7006815, 'www.sirajganj.gov.bd'),
(26, 6, 'Dinajpur', 'দিনাজপুর', 25.6217061, 88.6354504, 'www.dinajpur.gov.bd'),
(27, 6, 'Gaibandha', 'গাইবান্ধা', 25.328751, 89.528088, 'www.gaibandha.gov.bd'),
(28, 6, 'Kurigram', 'কুড়িগ্রাম', 25.805445, 89.636174, 'www.kurigram.gov.bd'),
(29, 6, 'Lalmonirhat', 'লালমনিরহাট', 0, 0, 'www.lalmonirhat.gov.bd'),
(30, 6, 'Nilphamari', 'নীলফামারী', 25.931794, 88.856006, 'www.nilphamari.gov.bd'),
(31, 6, 'Panchagarh', 'পঞ্চগড়', 26.3411, 88.5541606, 'www.panchagarh.gov.bd'),
(32, 6, 'Rangpur', 'রংপুর', 25.7558096, 89.244462, 'www.rangpur.gov.bd'),
(33, 6, 'Thakurgaon', 'ঠাকুরগাঁও', 26.0336945, 88.4616834, 'www.thakurgaon.gov.bd'),
(34, 1, 'Barguna', 'বরগুনা', 0, 0, 'www.barguna.gov.bd'),
(35, 1, 'Barisal', 'বরিশাল', 0, 0, 'www.barisal.gov.bd'),
(36, 1, 'Bhola', 'ভোলা', 22.685923, 90.648179, 'www.bhola.gov.bd'),
(37, 1, 'Jhalokati', 'ঝালকাঠি', 0, 0, 'www.jhalakathi.gov.bd'),
(38, 1, 'Patuakhali', 'পটুয়াখালী', 22.3596316, 90.3298712, 'www.patuakhali.gov.bd'),
(39, 1, 'Pirojpur', 'পিরোজপুর', 0, 0, 'www.pirojpur.gov.bd'),
(40, 2, 'Bandarban', 'বান্দরবান', 22.1953275, 92.2183773, 'www.bandarban.gov.bd'),
(41, 2, 'Brahmanbaria', 'ব্রাহ্মণবাড়িয়া', 23.9570904, 91.1119286, 'www.brahmanbaria.gov.bd'),
(42, 2, 'Chandpur', 'চাঁদপুর', 23.2332585, 90.6712912, 'www.chandpur.gov.bd'),
(43, 2, 'Chittagong', 'চট্টগ্রাম', 22.335109, 91.834073, 'www.chittagong.gov.bd'),
(44, 2, 'Comilla', 'কুমিল্লা', 23.4682747, 91.1788135, 'www.comilla.gov.bd'),
(45, 2, 'Cox''s Bazar', 'কক্স বাজার', 0, 0, 'www.coxsbazar.gov.bd'),
(46, 2, 'Feni', 'ফেনী', 23.023231, 91.3840844, 'www.feni.gov.bd'),
(47, 2, 'Khagrachari', 'খাগড়াছড়ি', 23.119285, 91.984663, 'www.khagrachhari.gov.bd'),
(48, 2, 'Lakshmipur', 'লক্ষ্মীপুর', 22.942477, 90.841184, 'www.lakshmipur.gov.bd'),
(49, 2, 'Noakhali', 'নোয়াখালী', 22.869563, 91.099398, 'www.noakhali.gov.bd'),
(50, 2, 'Rangamati', 'রাঙ্গামাটি', 0, 0, 'www.rangamati.gov.bd'),
(51, 7, 'Habiganj', 'হবিগঞ্জ', 24.374945, 91.41553, 'www.habiganj.gov.bd'),
(52, 7, 'Maulvibazar', 'মৌলভীবাজার', 24.482934, 91.777417, 'www.moulvibazar.gov.bd'),
(53, 7, 'Sunamganj', 'সুনামগঞ্জ', 25.0658042, 91.3950115, 'www.sunamganj.gov.bd'),
(54, 7, 'Sylhet', 'সিলেট', 24.8897956, 91.8697894, 'www.sylhet.gov.bd'),
(55, 4, 'Bagerhat', 'বাগেরহাট', 22.651568, 89.785938, 'www.bagerhat.gov.bd'),
(56, 4, 'Chuadanga', 'চুয়াডাঙ্গা', 23.6401961, 88.841841, 'www.chuadanga.gov.bd'),
(57, 4, 'Jessore', 'যশোর', 23.16643, 89.2081126, 'www.jessore.gov.bd'),
(58, 4, 'Jhenaidah', 'ঝিনাইদহ', 23.5448176, 89.1539213, 'www.jhenaidah.gov.bd'),
(59, 4, 'Khulna', 'খুলনা', 22.815774, 89.568679, 'www.khulna.gov.bd'),
(60, 4, 'Kushtia', 'কুষ্টিয়া', 23.901258, 89.120482, 'www.kushtia.gov.bd'),
(61, 4, 'Magura', 'মাগুরা', 23.487337, 89.419956, 'www.magura.gov.bd'),
(62, 4, 'Meherpur', 'মেহেরপুর', 23.762213, 88.631821, 'www.meherpur.gov.bd'),
(63, 4, 'Narail', 'নড়াইল', 23.172534, 89.512672, 'www.narail.gov.bd'),
(64, 4, 'Satkhira', 'সাতক্ষীরা', 0, 0, 'www.satkhira.gov.bd');

-- --------------------------------------------------------

--
-- Table structure for table `project`
--

CREATE TABLE IF NOT EXISTS `project` (
`id` int(11) NOT NULL,
  `project_name` varchar(20) NOT NULL,
  `project_file_name` varchar(20) NOT NULL,
  `user_id` int(11) NOT NULL,
  `created` timestamp NOT NULL DEFAULT CURRENT_TIMESTAMP ON UPDATE CURRENT_TIMESTAMP
) ENGINE=InnoDB  DEFAULT CHARSET=latin1 AUTO_INCREMENT=13 ;

--
-- Dumping data for table `project`
--

INSERT INTO `project` (`id`, `project_name`, `project_file_name`, `user_id`, `created`) VALUES
(1, 'fsafasf', 'Codeigniter_command.', 14, '0000-00-00 00:00:00'),
(2, 'ssafasfas', 'fbpic.jpg', 14, '0000-00-00 00:00:00'),
(3, 'asfasfasfa', 'Codeigniter_command1', 14, '2015-08-05 18:37:13'),
(4, 'asfasfasfa', 'Codeigniter_command2', 14, '2015-08-05 18:37:21'),
(5, 'asfasfasfas', '01.jpg', 14, '2015-08-05 18:40:24'),
(6, 'sfsafa', '011.jpg', 14, '2015-08-05 18:45:00'),
(7, 'Sfcsdfsaffsaf', 'Desert.jpg', 14, '2015-08-05 18:51:10'),
(8, 'fdgg', 'Hydrangeas.jpg', 14, '2015-08-05 18:54:53'),
(9, 'gfhh', 'Penguins.jpg', 14, '2015-08-05 18:59:09'),
(10, 'dfgggggggggg', 'Tulips.jpg', 14, '2015-08-05 19:10:28'),
(11, 'test', 'images_024.jpg', 14, '2015-08-06 05:42:48'),
(12, 'test', 'Penguins1.jpg', 14, '2015-08-06 07:15:07');

-- --------------------------------------------------------

--
-- Table structure for table `thana`
--

CREATE TABLE IF NOT EXISTS `thana` (
`id` int(11) NOT NULL,
  `district_id` int(11) NOT NULL,
  `thana_name` varchar(25) NOT NULL,
  `bn_name` varchar(50) CHARACTER SET utf8 COLLATE utf8_unicode_ci NOT NULL
) ENGINE=InnoDB  DEFAULT CHARSET=latin1 AUTO_INCREMENT=493 ;

--
-- Dumping data for table `thana`
--

INSERT INTO `thana` (`id`, `district_id`, `thana_name`, `bn_name`) VALUES
(1, 34, 'Amtali Upazila', 'আমতলী'),
(2, 34, 'Bamna Upazila', 'বামনা'),
(3, 34, 'Barguna Sadar Upazila', 'বরগুনা সদর'),
(4, 34, 'Betagi Upazila', 'বেতাগি'),
(5, 34, 'Patharghata Upazila', 'পাথরঘাটা'),
(6, 34, 'Taltali Upazila', 'তালতলী'),
(7, 35, 'Muladi Upazila', 'মুলাদি'),
(8, 35, 'Babuganj Upazila', 'বাবুগঞ্জ'),
(9, 35, 'Agailjhara Upazila', 'আগাইলঝরা'),
(10, 35, 'Barisal Sadar Upazila', 'বরিশাল সদর'),
(11, 35, 'Bakerganj Upazila', 'বাকেরগঞ্জ'),
(12, 35, 'Banaripara Upazila', 'বানাড়িপারা'),
(13, 35, 'Gaurnadi Upazila', 'গৌরনদী'),
(14, 35, 'Hizla Upazila', 'হিজলা'),
(15, 35, 'Mehendiganj Upazila', 'মেহেদিগঞ্জ '),
(16, 35, 'Wazirpur Upazila', 'ওয়াজিরপুর'),
(17, 36, 'Bhola Sadar Upazila', 'ভোলা সদর'),
(18, 36, 'Burhanuddin Upazila', 'বুরহানউদ্দিন'),
(19, 36, 'Char Fasson Upazila', 'চর ফ্যাশন'),
(20, 36, 'Daulatkhan Upazila', 'দৌলতখান'),
(21, 36, 'Lalmohan Upazila', 'লালমোহন'),
(22, 36, 'Manpura Upazila', 'মনপুরা'),
(23, 36, 'Tazumuddin Upazila', 'তাজুমুদ্দিন'),
(24, 37, 'Jhalokati Sadar Upazila', 'ঝালকাঠি সদর'),
(25, 37, 'Kathalia Upazila', 'কাঁঠালিয়া'),
(26, 37, 'Nalchity Upazila', 'নালচিতি'),
(27, 37, 'Rajapur Upazila', 'রাজাপুর'),
(28, 38, 'Bauphal Upazila', 'বাউফল'),
(29, 38, 'Dashmina Upazila', 'দশমিনা'),
(30, 38, 'Galachipa Upazila', 'গলাচিপা'),
(31, 38, 'Kalapara Upazila', 'কালাপারা'),
(32, 38, 'Mirzaganj Upazila', 'মির্জাগঞ্জ '),
(33, 38, 'Patuakhali Sadar Upazila', 'পটুয়াখালী সদর'),
(34, 38, 'Dumki Upazila', 'ডুমকি'),
(35, 38, 'Rangabali Upazila', 'রাঙ্গাবালি'),
(36, 39, 'Bhandaria', 'ভ্যান্ডারিয়া'),
(37, 39, 'Kaukhali', 'কাউখালি'),
(38, 39, 'Mathbaria', 'মাঠবাড়িয়া'),
(39, 39, 'Nazirpur', 'নাজিরপুর'),
(40, 39, 'Nesarabad', 'নেসারাবাদ'),
(41, 39, 'Pirojpur Sadar', 'পিরোজপুর সদর'),
(42, 39, 'Zianagar', 'জিয়ানগর'),
(43, 40, 'Bandarban Sadar', 'বান্দরবন সদর'),
(44, 40, 'Thanchi', 'থানচি'),
(45, 40, 'Lama', 'লামা'),
(46, 40, 'Naikhongchhari', 'নাইখংছড়ি '),
(47, 40, 'Ali kadam', 'আলী কদম'),
(48, 40, 'Rowangchhari', 'রউয়াংছড়ি '),
(49, 40, 'Ruma', 'রুমা'),
(50, 41, 'Brahmanbaria Sadar Upazil', 'ব্রাহ্মণবাড়িয়া সদর'),
(51, 41, 'Ashuganj Upazila', 'আশুগঞ্জ'),
(52, 41, 'Nasirnagar Upazila', 'নাসির নগর'),
(53, 41, 'Nabinagar Upazila', 'নবীনগর'),
(54, 41, 'Sarail Upazila', 'সরাইল'),
(55, 41, 'Shahbazpur Town', 'শাহবাজপুর টাউন'),
(56, 41, 'Kasba Upazila', 'কসবা'),
(57, 41, 'Akhaura Upazila', 'আখাউরা'),
(58, 41, 'Bancharampur Upazila', 'বাঞ্ছারামপুর'),
(59, 41, 'Bijoynagar Upazila', 'বিজয় নগর'),
(60, 42, 'Chandpur Sadar', 'চাঁদপুর সদর'),
(61, 42, 'Faridganj', 'ফরিদগঞ্জ'),
(62, 42, 'Haimchar', 'হাইমচর'),
(63, 42, 'Haziganj', 'হাজীগঞ্জ'),
(64, 42, 'Kachua', 'কচুয়া'),
(65, 42, 'Matlab Uttar', 'মতলব উত্তর'),
(66, 42, 'Matlab Dakkhin', 'মতলব দক্ষিণ'),
(67, 42, 'Shahrasti', 'শাহরাস্তি'),
(68, 43, 'Anwara Upazila', 'আনোয়ারা'),
(69, 43, 'Banshkhali Upazila', 'বাশখালি'),
(70, 43, 'Boalkhali Upazila', 'বোয়ালখালি'),
(71, 43, 'Chandanaish Upazila', 'চন্দনাইশ'),
(72, 43, 'Fatikchhari Upazila', 'ফটিকছড়ি'),
(73, 43, 'Hathazari Upazila', 'হাঠহাজারী'),
(74, 43, 'Lohagara Upazila', 'লোহাগারা'),
(75, 43, 'Mirsharai Upazila', 'মিরসরাই'),
(76, 43, 'Patiya Upazila', 'পটিয়া'),
(77, 43, 'Rangunia Upazila', 'রাঙ্গুনিয়া'),
(78, 43, 'Raozan Upazila', 'রাউজান'),
(79, 43, 'Sandwip Upazila', 'সন্দ্বীপ'),
(80, 43, 'Satkania Upazila', 'সাতকানিয়া'),
(81, 43, 'Sitakunda Upazila', 'সীতাকুণ্ড'),
(82, 44, 'Barura Upazila', 'বড়ুরা'),
(83, 44, 'Brahmanpara Upazila', 'ব্রাহ্মণপাড়া'),
(84, 44, 'Burichong Upazila', 'বুড়িচং'),
(85, 44, 'Chandina Upazila', 'চান্দিনা'),
(86, 44, 'Chauddagram Upazila', 'চৌদ্দগ্রাম'),
(87, 44, 'Daudkandi Upazila', 'দাউদকান্দি'),
(88, 44, 'Debidwar Upazila', 'দেবীদ্বার'),
(89, 44, 'Homna Upazila', 'হোমনা'),
(90, 44, 'Comilla Sadar Upazila', 'কুমিল্লা সদর'),
(91, 44, 'Laksam Upazila', 'লাকসাম'),
(92, 44, 'Monohorgonj Upazila', 'মনোহরগঞ্জ'),
(93, 44, 'Meghna Upazila', 'মেঘনা'),
(94, 44, 'Muradnagar Upazila', 'মুরাদনগর'),
(95, 44, 'Nangalkot Upazila', 'নাঙ্গালকোট'),
(96, 44, 'Comilla Sadar South Upazi', 'কুমিল্লা সদর দক্ষিণ'),
(97, 44, 'Titas Upazila', 'তিতাস'),
(98, 45, 'Chakaria Upazila', 'চকরিয়া'),
(99, 45, 'Chakaria Upazila', 'চকরিয়া'),
(100, 45, 'Cox''s Bazar Sadar Upazila', 'কক্স বাজার সদর'),
(101, 45, 'Kutubdia Upazila', 'কুতুবদিয়া'),
(102, 45, 'Maheshkhali Upazila', 'মহেশখালী'),
(103, 45, 'Ramu Upazila', 'রামু'),
(104, 45, 'Teknaf Upazila', 'টেকনাফ'),
(105, 45, 'Ukhia Upazila', 'উখিয়া'),
(106, 45, 'Pekua Upazila', 'পেকুয়া'),
(107, 46, 'Feni Sadar', 'ফেনী সদর'),
(108, 46, 'Chagalnaiya', 'ছাগল নাইয়া'),
(109, 46, 'Daganbhyan', 'দাগানভিয়া'),
(110, 46, 'Parshuram', 'পরশুরাম'),
(111, 46, 'Fhulgazi', 'ফুলগাজি'),
(112, 46, 'Sonagazi', 'সোনাগাজি'),
(113, 47, 'Dighinala Upazila', 'দিঘিনালা '),
(114, 47, 'Khagrachhari Upazila', 'খাগড়াছড়ি'),
(115, 47, 'Lakshmichhari Upazila', 'লক্ষ্মীছড়ি'),
(116, 47, 'Mahalchhari Upazila', 'মহলছড়ি'),
(117, 47, 'Manikchhari Upazila', 'মানিকছড়ি'),
(118, 47, 'Matiranga Upazila', 'মাটিরাঙ্গা'),
(119, 47, 'Panchhari Upazila', 'পানছড়ি'),
(120, 47, 'Ramgarh Upazila', 'রামগড়'),
(121, 48, 'Lakshmipur Sadar Upazila', 'লক্ষ্মীপুর সদর'),
(122, 48, 'Raipur Upazila', 'রায়পুর'),
(123, 48, 'Ramganj Upazila', 'রামগঞ্জ'),
(124, 48, 'Ramgati Upazila', 'রামগতি'),
(125, 48, 'Komol Nagar Upazila', 'কমল নগর'),
(126, 49, 'Noakhali Sadar Upazila', 'নোয়াখালী সদর'),
(127, 49, 'Begumganj Upazila', 'বেগমগঞ্জ'),
(128, 49, 'Chatkhil Upazila', 'চাটখিল'),
(129, 49, 'Companyganj Upazila', 'কোম্পানীগঞ্জ'),
(130, 49, 'Shenbag Upazila', 'শেনবাগ'),
(131, 49, 'Hatia Upazila', 'হাতিয়া'),
(132, 49, 'Kobirhat Upazila', 'কবিরহাট '),
(133, 49, 'Sonaimuri Upazila', 'সোনাইমুরি'),
(134, 49, 'Suborno Char Upazila', 'সুবর্ণ চর '),
(135, 50, 'Rangamati Sadar Upazila', 'রাঙ্গামাটি সদর'),
(136, 50, 'Belaichhari Upazila', 'বেলাইছড়ি'),
(137, 50, 'Bagaichhari Upazila', 'বাঘাইছড়ি'),
(138, 50, 'Barkal Upazila', 'বরকল'),
(139, 50, 'Juraichhari Upazila', 'জুরাইছড়ি'),
(140, 50, 'Rajasthali Upazila', 'রাজাস্থলি'),
(141, 50, 'Kaptai Upazila', 'কাপ্তাই'),
(142, 50, 'Langadu Upazila', 'লাঙ্গাডু'),
(143, 50, 'Nannerchar Upazila', 'নান্নেরচর '),
(144, 50, 'Kaukhali Upazila', 'কাউখালি'),
(145, 1, 'Dhamrai Upazila', 'ধামরাই'),
(146, 1, 'Dohar Upazila', 'দোহার'),
(147, 1, 'Keraniganj Upazila', 'কেরানীগঞ্জ'),
(148, 1, 'Nawabganj Upazila', 'নবাবগঞ্জ'),
(149, 1, 'Savar Upazila', 'সাভার'),
(150, 2, 'Faridpur Sadar Upazila', 'ফরিদপুর সদর'),
(151, 2, 'Boalmari Upazila', 'বোয়ালমারী'),
(152, 2, 'Alfadanga Upazila', 'আলফাডাঙ্গা'),
(153, 2, 'Madhukhali Upazila', 'মধুখালি'),
(154, 2, 'Bhanga Upazila', 'ভাঙ্গা'),
(155, 2, 'Nagarkanda Upazila', 'নগরকান্ড'),
(156, 2, 'Charbhadrasan Upazila', 'চরভদ্রাসন '),
(157, 2, 'Sadarpur Upazila', 'সদরপুর'),
(158, 2, 'Shaltha Upazila', 'শালথা'),
(159, 3, 'Gazipur Sadar-Joydebpur', 'গাজীপুর সদর'),
(160, 3, 'Kaliakior', 'কালিয়াকৈর'),
(161, 3, 'Kapasia', 'কাপাসিয়া'),
(162, 3, 'Sripur', 'শ্রীপুর'),
(163, 3, 'Kaliganj', 'কালীগঞ্জ'),
(164, 3, 'Tongi', 'টঙ্গি'),
(165, 4, 'Gopalganj Sadar Upazila', 'গোপালগঞ্জ সদর'),
(166, 4, 'Kashiani Upazila', 'কাশিয়ানি'),
(167, 4, 'Kotalipara Upazila', 'কোটালিপাড়া'),
(168, 4, 'Muksudpur Upazila', 'মুকসুদপুর'),
(169, 4, 'Tungipara Upazila', 'টুঙ্গিপাড়া'),
(170, 5, 'Dewanganj Upazila', 'দেওয়ানগঞ্জ'),
(171, 5, 'Baksiganj Upazila', 'বকসিগঞ্জ'),
(172, 5, 'Islampur Upazila', 'ইসলামপুর'),
(173, 5, 'Jamalpur Sadar Upazila', 'জামালপুর সদর'),
(174, 5, 'Madarganj Upazila', 'মাদারগঞ্জ'),
(175, 5, 'Melandaha Upazila', 'মেলানদাহা'),
(176, 5, 'Sarishabari Upazila', 'সরিষাবাড়ি '),
(177, 5, 'Narundi Police I.C', 'নারুন্দি'),
(178, 6, 'Astagram Upazila', 'অষ্টগ্রাম'),
(179, 6, 'Bajitpur Upazila', 'বাজিতপুর'),
(180, 6, 'Bhairab Upazila', 'ভৈরব'),
(181, 6, 'Hossainpur Upazila', 'হোসেনপুর '),
(182, 6, 'Itna Upazila', 'ইটনা'),
(183, 6, 'Karimganj Upazila', 'করিমগঞ্জ'),
(184, 6, 'Katiadi Upazila', 'কতিয়াদি'),
(185, 6, 'Kishoreganj Sadar Upazila', 'কিশোরগঞ্জ সদর'),
(186, 6, 'Kuliarchar Upazila', 'কুলিয়ারচর'),
(187, 6, 'Mithamain Upazila', 'মিঠামাইন'),
(188, 6, 'Nikli Upazila', 'নিকলি'),
(189, 6, 'Pakundia Upazila', 'পাকুন্ডা'),
(190, 6, 'Tarail Upazila', 'তাড়াইল'),
(191, 7, 'Madaripur Sadar', 'মাদারীপুর সদর'),
(192, 7, 'Kalkini', 'কালকিনি'),
(193, 7, 'Rajoir', 'রাজইর'),
(194, 7, 'Shibchar', 'শিবচর'),
(195, 8, 'Manikganj Sadar Upazila', 'মানিকগঞ্জ সদর'),
(196, 8, 'Singair Upazila', 'সিঙ্গাইর'),
(197, 8, 'Shibalaya Upazila', 'শিবালয়'),
(198, 8, 'Saturia Upazila', 'সাঠুরিয়া'),
(199, 8, 'Harirampur Upazila', 'হরিরামপুর'),
(200, 8, 'Ghior Upazila', 'ঘিওর'),
(201, 8, 'Daulatpur Upazila', 'দৌলতপুর'),
(202, 9, 'Lohajang Upazila', 'লোহাজং'),
(203, 9, 'Sreenagar Upazila', 'শ্রীনগর'),
(204, 9, 'Munshiganj Sadar Upazila', 'মুন্সিগঞ্জ সদর'),
(205, 9, 'Sirajdikhan Upazila', 'সিরাজদিখান'),
(206, 9, 'Tongibari Upazila', 'টঙ্গিবাড়ি'),
(207, 9, 'Gazaria Upazila', 'গজারিয়া'),
(208, 10, 'Bhaluka', 'ভালুকা'),
(209, 10, 'Trishal', 'ত্রিশাল'),
(210, 10, 'Haluaghat', 'হালুয়াঘাট'),
(211, 10, 'Muktagachha', 'মুক্তাগাছা'),
(212, 10, 'Dhobaura', 'ধবারুয়া'),
(213, 10, 'Fulbaria', 'ফুলবাড়িয়া'),
(214, 10, 'Gaffargaon', 'গফরগাঁও'),
(215, 10, 'Gauripur', 'গৌরিপুর'),
(216, 10, 'Ishwarganj', 'ঈশ্বরগঞ্জ'),
(217, 10, 'Mymensingh Sadar', 'ময়মনসিং সদর'),
(218, 10, 'Nandail', 'নন্দাইল'),
(219, 10, 'Phulpur', 'ফুলপুর'),
(220, 11, 'Araihazar Upazila', 'আড়াইহাজার'),
(221, 11, 'Sonargaon Upazila', 'সোনারগাঁও'),
(222, 11, 'Bandar', 'বান্দার'),
(223, 11, 'Naryanganj Sadar Upazila', 'নারায়ানগঞ্জ সদর'),
(224, 11, 'Rupganj Upazila', 'রূপগঞ্জ'),
(225, 11, 'Siddirgonj Upazila', 'সিদ্ধিরগঞ্জ'),
(226, 12, 'Belabo Upazila', 'বেলাবো'),
(227, 12, 'Monohardi Upazila', 'মনোহরদি'),
(228, 12, 'Narsingdi Sadar Upazila', 'নরসিংদী সদর'),
(229, 12, 'Palash Upazila', 'পলাশ'),
(230, 12, 'Raipura Upazila, Narsingd', 'রায়পুর'),
(231, 12, 'Shibpur Upazila', 'শিবপুর'),
(232, 13, 'Kendua Upazilla', 'কেন্দুয়া'),
(233, 13, 'Atpara Upazilla', 'আটপাড়া'),
(234, 13, 'Barhatta Upazilla', 'বরহাট্টা'),
(235, 13, 'Durgapur Upazilla', 'দুর্গাপুর'),
(236, 13, 'Kalmakanda Upazilla', 'কলমাকান্দা'),
(237, 13, 'Madan Upazilla', 'মদন'),
(238, 13, 'Mohanganj Upazilla', 'মোহনগঞ্জ'),
(239, 13, 'Netrakona-S Upazilla', 'নেত্রকোনা সদর'),
(240, 13, 'Purbadhala Upazilla', 'পূর্বধলা'),
(241, 13, 'Khaliajuri Upazilla', 'খালিয়াজুরি'),
(242, 14, 'Baliakandi Upazila', 'বালিয়াকান্দি'),
(243, 14, 'Goalandaghat Upazila', 'গোয়ালন্দ ঘাট'),
(244, 14, 'Pangsha Upazila', 'পাংশা'),
(245, 14, 'Kalukhali Upazila', 'কালুখালি'),
(246, 14, 'Rajbari Sadar Upazila', 'রাজবাড়ি সদর'),
(247, 15, 'Shariatpur Sadar -Palong', 'শরীয়তপুর সদর '),
(248, 15, 'Damudya Upazila', 'দামুদিয়া'),
(249, 15, 'Naria Upazila', 'নড়িয়া'),
(250, 15, 'Jajira Upazila', 'জাজিরা'),
(251, 15, 'Bhedarganj Upazila', 'ভেদারগঞ্জ'),
(252, 15, 'Gosairhat Upazila', 'গোসাইর হাট '),
(253, 16, 'Jhenaigati Upazila', 'ঝিনাইগাতি'),
(254, 16, 'Nakla Upazila', 'নাকলা'),
(255, 16, 'Nalitabari Upazila', 'নালিতাবাড়ি'),
(256, 16, 'Sherpur Sadar Upazila', 'শেরপুর সদর'),
(257, 16, 'Sreebardi Upazila', 'শ্রীবরদি'),
(258, 17, 'Tangail Sadar Upazila', 'টাঙ্গাইল সদর'),
(259, 17, 'Sakhipur Upazila', 'সখিপুর'),
(260, 17, 'Basail Upazila', 'বসাইল'),
(261, 17, 'Madhupur Upazila', 'মধুপুর'),
(262, 17, 'Ghatail Upazila', 'ঘাটাইল'),
(263, 17, 'Kalihati Upazila', 'কালিহাতি'),
(264, 17, 'Nagarpur Upazila', 'নগরপুর'),
(265, 17, 'Mirzapur Upazila', 'মির্জাপুর'),
(266, 17, 'Gopalpur Upazila', 'গোপালপুর'),
(267, 17, 'Delduar Upazila', 'দেলদুয়ার'),
(268, 17, 'Bhuapur Upazila', 'ভুয়াপুর'),
(269, 17, 'Dhanbari Upazila', 'ধানবাড়ি'),
(270, 55, 'Bagerhat Sadar Upazila', 'বাগেরহাট সদর'),
(271, 55, 'Chitalmari Upazila', 'চিতলমাড়ি'),
(272, 55, 'Fakirhat Upazila', 'ফকিরহাট'),
(273, 55, 'Kachua Upazila', 'কচুয়া'),
(274, 55, 'Mollahat Upazila', 'মোল্লাহাট '),
(275, 55, 'Mongla Upazila', 'মংলা'),
(276, 55, 'Morrelganj Upazila', 'মরেলগঞ্জ'),
(277, 55, 'Rampal Upazila', 'রামপাল'),
(278, 55, 'Sarankhola Upazila', 'স্মরণখোলা'),
(279, 56, 'Damurhuda Upazila', 'দামুরহুদা'),
(280, 56, 'Chuadanga-S Upazila', 'চুয়াডাঙ্গা সদর'),
(281, 56, 'Jibannagar Upazila', 'জীবন নগর '),
(282, 56, 'Alamdanga Upazila', 'আলমডাঙ্গা'),
(283, 57, 'Abhaynagar Upazila', 'অভয়নগর'),
(284, 57, 'Keshabpur Upazila', 'কেশবপুর'),
(285, 57, 'Bagherpara Upazila', 'বাঘের পাড়া '),
(286, 57, 'Jessore Sadar Upazila', 'যশোর সদর'),
(287, 57, 'Chaugachha Upazila', 'চৌগাছা'),
(288, 57, 'Manirampur Upazila', 'মনিরামপুর '),
(289, 57, 'Jhikargachha Upazila', 'ঝিকরগাছা'),
(290, 57, 'Sharsha Upazila', 'সারশা'),
(291, 58, 'Jhenaidah Sadar Upazila', 'ঝিনাইদহ সদর'),
(292, 58, 'Maheshpur Upazila', 'মহেশপুর'),
(293, 58, 'Kaliganj Upazila', 'কালীগঞ্জ'),
(294, 58, 'Kotchandpur Upazila', 'কোট চাঁদপুর '),
(295, 58, 'Shailkupa Upazila', 'শৈলকুপা'),
(296, 58, 'Harinakunda Upazila', 'হাড়িনাকুন্দা'),
(297, 59, 'Terokhada Upazila', 'তেরোখাদা'),
(298, 59, 'Batiaghata Upazila', 'বাটিয়াঘাটা '),
(299, 59, 'Dacope Upazila', 'ডাকপে'),
(300, 59, 'Dumuria Upazila', 'ডুমুরিয়া'),
(301, 59, 'Dighalia Upazila', 'দিঘলিয়া'),
(302, 59, 'Koyra Upazila', 'কয়ড়া'),
(303, 59, 'Paikgachha Upazila', 'পাইকগাছা'),
(304, 59, 'Phultala Upazila', 'ফুলতলা'),
(305, 59, 'Rupsa Upazila', 'রূপসা'),
(306, 60, 'Kushtia Sadar', 'কুষ্টিয়া সদর'),
(307, 60, 'Kumarkhali', 'কুমারখালি'),
(308, 60, 'Daulatpur', 'দৌলতপুর'),
(309, 60, 'Mirpur', 'মিরপুর'),
(310, 60, 'Bheramara', 'ভেরামারা'),
(311, 60, 'Khoksa', 'খোকসা'),
(312, 61, 'Magura Sadar Upazila', 'মাগুরা সদর'),
(313, 61, 'Mohammadpur Upazila', 'মোহাম্মাদপুর'),
(314, 61, 'Shalikha Upazila', 'শালিখা'),
(315, 61, 'Sreepur Upazila', 'শ্রীপুর'),
(316, 62, 'angni Upazila', 'আংনি'),
(317, 62, 'Mujib Nagar Upazila', 'মুজিব নগর'),
(318, 62, 'Meherpur-S Upazila', 'মেহেরপুর সদর'),
(319, 63, 'Narail-S Upazilla', 'নড়াইল সদর'),
(320, 63, 'Lohagara Upazilla', 'লোহাগাড়া'),
(321, 63, 'Kalia Upazilla', 'কালিয়া'),
(322, 64, 'Satkhira Sadar Upazila', 'সাতক্ষীরা সদর'),
(323, 64, 'Assasuni Upazila', 'আসসাশুনি '),
(324, 64, 'Debhata Upazila', 'দেভাটা'),
(325, 64, 'Tala Upazila', 'তালা'),
(326, 64, 'Kalaroa Upazila', 'কলরোয়া'),
(327, 64, 'Kaliganj Upazila', 'কালীগঞ্জ'),
(328, 64, 'Shyamnagar Upazila', 'শ্যামনগর'),
(329, 18, 'Adamdighi', 'আদমদিঘী'),
(330, 18, 'Bogra Sadar', 'বগুড়া সদর'),
(331, 18, 'Sherpur', 'শেরপুর'),
(332, 18, 'Dhunat', 'ধুনট'),
(333, 18, 'Dhupchanchia', 'দুপচাচিয়া'),
(334, 18, 'Gabtali', 'গাবতলি'),
(335, 18, 'Kahaloo', 'কাহালু'),
(336, 18, 'Nandigram', 'নন্দিগ্রাম'),
(337, 18, 'Sahajanpur', 'শাহজাহানপুর'),
(338, 18, 'Sariakandi', 'সারিয়াকান্দি'),
(339, 18, 'Shibganj', 'শিবগঞ্জ'),
(340, 18, 'Sonatala', 'সোনাতলা'),
(341, 19, 'Joypurhat S', 'জয়পুরহাট সদর'),
(342, 19, 'Akkelpur', 'আক্কেলপুর'),
(343, 19, 'Kalai', 'কালাই'),
(344, 19, 'Khetlal', 'খেতলাল'),
(345, 19, 'Panchbibi', 'পাঁচবিবি'),
(346, 20, 'Naogaon Sadar Upazila', 'নওগাঁ সদর'),
(347, 20, 'Mohadevpur Upazila', 'মহাদেবপুর'),
(348, 20, 'Manda Upazila', 'মান্দা'),
(349, 20, 'Niamatpur Upazila', 'নিয়ামতপুর'),
(350, 20, 'Atrai Upazila', 'আত্রাই'),
(351, 20, 'Raninagar Upazila', 'রাণীনগর'),
(352, 20, 'Patnitala Upazila', 'পত্নীতলা'),
(353, 20, 'Dhamoirhat Upazila', 'ধামইরহাট '),
(354, 20, 'Sapahar Upazila', 'সাপাহার'),
(355, 20, 'Porsha Upazila', 'পোরশা'),
(356, 20, 'Badalgachhi Upazila', 'বদলগাছি'),
(357, 21, 'Natore Sadar Upazila', 'নাটোর সদর'),
(358, 21, 'Baraigram Upazila', 'বড়াইগ্রাম'),
(359, 21, 'Bagatipara Upazila', 'বাগাতিপাড়া'),
(360, 21, 'Lalpur Upazila', 'লালপুর'),
(361, 21, 'Natore Sadar Upazila', 'নাটোর সদর'),
(362, 21, 'Baraigram Upazila', 'বড়াই গ্রাম'),
(363, 22, 'Bholahat Upazila', 'ভোলাহাট'),
(364, 22, 'Gomastapur Upazila', 'গোমস্তাপুর'),
(365, 22, 'Nachole Upazila', 'নাচোল'),
(366, 22, 'Nawabganj Sadar Upazila', 'নবাবগঞ্জ সদর'),
(367, 22, 'Shibganj Upazila', 'শিবগঞ্জ'),
(368, 23, 'Atgharia Upazila', 'আটঘরিয়া'),
(369, 23, 'Bera Upazila', 'বেড়া'),
(370, 23, 'Bhangura Upazila', 'ভাঙ্গুরা'),
(371, 23, 'Chatmohar Upazila', 'চাটমোহর'),
(372, 23, 'Faridpur Upazila', 'ফরিদপুর'),
(373, 23, 'Ishwardi Upazila', 'ঈশ্বরদী'),
(374, 23, 'Pabna Sadar Upazila', 'পাবনা সদর'),
(375, 23, 'Santhia Upazila', 'সাথিয়া'),
(376, 23, 'Sujanagar Upazila', 'সুজানগর'),
(377, 24, 'Bagha', 'বাঘা'),
(378, 24, 'Bagmara', 'বাগমারা'),
(379, 24, 'Charghat', 'চারঘাট'),
(380, 24, 'Durgapur', 'দুর্গাপুর'),
(381, 24, 'Godagari', 'গোদাগারি'),
(382, 24, 'Mohanpur', 'মোহনপুর'),
(383, 24, 'Paba', 'পবা'),
(384, 24, 'Puthia', 'পুঠিয়া'),
(385, 24, 'Tanore', 'তানোর'),
(386, 25, 'Sirajganj Sadar Upazila', 'সিরাজগঞ্জ সদর'),
(387, 25, 'Belkuchi Upazila', 'বেলকুচি'),
(388, 25, 'Chauhali Upazila', 'চৌহালি'),
(389, 25, 'Kamarkhanda Upazila', 'কামারখান্দা'),
(390, 25, 'Kazipur Upazila', 'কাজীপুর'),
(391, 25, 'Raiganj Upazila', 'রায়গঞ্জ'),
(392, 25, 'Shahjadpur Upazila', 'শাহজাদপুর'),
(393, 25, 'Tarash Upazila', 'তারাশ'),
(394, 25, 'Ullahpara Upazila', 'উল্লাপাড়া'),
(395, 26, 'Birampur Upazila', 'বিরামপুর'),
(396, 26, 'Birganj', 'বীরগঞ্জ'),
(397, 26, 'Biral Upazila', 'বিড়াল'),
(398, 26, 'Bochaganj Upazila', 'বোচাগঞ্জ'),
(399, 26, 'Chirirbandar Upazila', 'চিরিরবন্দর'),
(400, 26, 'Phulbari Upazila', 'ফুলবাড়ি'),
(401, 26, 'Ghoraghat Upazila', 'ঘোড়াঘাট'),
(402, 26, 'Hakimpur Upazila', 'হাকিমপুর'),
(403, 26, 'Kaharole Upazila', 'কাহারোল'),
(404, 26, 'Khansama Upazila', 'খানসামা'),
(405, 26, 'Dinajpur Sadar Upazila', 'দিনাজপুর সদর'),
(406, 26, 'Nawabganj', 'নবাবগঞ্জ'),
(407, 26, 'Parbatipur Upazila', 'পার্বতীপুর'),
(408, 27, 'Fulchhari', 'ফুলছড়ি'),
(409, 27, 'Gaibandha sadar', 'গাইবান্ধা সদর'),
(410, 27, 'Gobindaganj', 'গোবিন্দগঞ্জ'),
(411, 27, 'Palashbari', 'পলাশবাড়ী'),
(412, 27, 'Sadullapur', 'সাদুল্যাপুর'),
(413, 27, 'Saghata', 'সাঘাটা'),
(414, 27, 'Sundarganj', 'সুন্দরগঞ্জ'),
(415, 28, 'Kurigram Sadar', 'কুড়িগ্রাম সদর'),
(416, 28, 'Nageshwari', 'নাগেশ্বরী'),
(417, 28, 'Bhurungamari', 'ভুরুঙ্গামারি'),
(418, 28, 'Phulbari', 'ফুলবাড়ি'),
(419, 28, 'Rajarhat', 'রাজারহাট'),
(420, 28, 'Ulipur', 'উলিপুর'),
(421, 28, 'Chilmari', 'চিলমারি'),
(422, 28, 'Rowmari', 'রউমারি'),
(423, 28, 'Char Rajibpur', 'চর রাজিবপুর'),
(424, 29, 'Lalmanirhat Sadar', 'লালমনিরহাট সদর'),
(425, 29, 'Aditmari', 'আদিতমারি'),
(426, 29, 'Kaliganj', 'কালীগঞ্জ'),
(427, 29, 'Hatibandha', 'হাতিবান্ধা'),
(428, 29, 'Patgram', 'পাটগ্রাম'),
(429, 30, 'Nilphamari Sadar', 'নীলফামারী সদর'),
(430, 30, 'Saidpur', 'সৈয়দপুর'),
(431, 30, 'Jaldhaka', 'জলঢাকা'),
(432, 30, 'Kishoreganj', 'কিশোরগঞ্জ'),
(433, 30, 'Domar', 'ডোমার'),
(434, 30, 'Dimla', 'ডিমলা'),
(435, 31, 'Panchagarh Sadar', 'পঞ্চগড় সদর'),
(436, 31, 'Debiganj', 'দেবীগঞ্জ'),
(437, 31, 'Boda', 'বোদা'),
(438, 31, 'Atwari', 'আটোয়ারি'),
(439, 31, 'Tetulia', 'তেতুলিয়া'),
(440, 32, 'Badarganj', 'বদরগঞ্জ'),
(441, 32, 'Mithapukur', 'মিঠাপুকুর'),
(442, 32, 'Gangachara', 'গঙ্গাচরা'),
(443, 32, 'Kaunia', 'কাউনিয়া'),
(444, 32, 'Rangpur Sadar', 'রংপুর সদর'),
(445, 32, 'Pirgachha', 'পীরগাছা'),
(446, 32, 'Pirganj', 'পীরগঞ্জ'),
(447, 32, 'Taraganj', 'তারাগঞ্জ'),
(448, 33, 'Thakurgaon Sadar Upazila', 'ঠাকুরগাঁও সদর'),
(449, 33, 'Pirganj Upazila', 'পীরগঞ্জ'),
(450, 33, 'Baliadangi Upazila', 'বালিয়াডাঙ্গি'),
(451, 33, 'Haripur Upazila', 'হরিপুর'),
(452, 33, 'Ranisankail Upazila', 'রাণীসংকইল'),
(453, 51, 'Ajmiriganj', 'আজমিরিগঞ্জ'),
(454, 51, 'Baniachang', 'বানিয়াচং'),
(455, 51, 'Bahubal', 'বাহুবল'),
(456, 51, 'Chunarughat', 'চুনারুঘাট'),
(457, 51, 'Habiganj Sadar', 'হবিগঞ্জ সদর'),
(458, 51, 'Lakhai', 'লাক্ষাই'),
(459, 51, 'Madhabpur', 'মাধবপুর'),
(460, 51, 'Nabiganj', 'নবীগঞ্জ'),
(461, 51, 'Shaistagonj Upazila', 'শায়েস্তাগঞ্জ'),
(462, 52, 'Moulvibazar Sadar', 'মৌলভীবাজার'),
(463, 52, 'Barlekha', 'বড়লেখা'),
(464, 52, 'Juri', 'জুড়ি'),
(465, 52, 'Kamalganj', 'কামালগঞ্জ'),
(466, 52, 'Kulaura', 'কুলাউরা'),
(467, 52, 'Rajnagar', 'রাজনগর'),
(468, 52, 'Sreemangal', 'শ্রীমঙ্গল'),
(469, 53, 'Bishwamvarpur', 'বিসশম্ভারপুর'),
(470, 53, 'Chhatak', 'ছাতক'),
(471, 53, 'Derai', 'দেড়াই'),
(472, 53, 'Dharampasha', 'ধরমপাশা'),
(473, 53, 'Dowarabazar', 'দোয়ারাবাজার'),
(474, 53, 'Jagannathpur', 'জগন্নাথপুর'),
(475, 53, 'Jamalganj', 'জামালগঞ্জ'),
(476, 53, 'Sulla', 'সুল্লা'),
(477, 53, 'Sunamganj Sadar', 'সুনামগঞ্জ সদর'),
(478, 53, 'Shanthiganj', 'শান্তিগঞ্জ'),
(479, 53, 'Tahirpur', 'তাহিরপুর'),
(480, 54, 'Sylhet Sadar', 'সিলেট সদর'),
(481, 54, 'Beanibazar', 'বেয়ানিবাজার'),
(482, 54, 'Bishwanath', 'বিশ্বনাথ'),
(483, 54, 'Dakshin Surma Upazila', 'দক্ষিণ সুরমা'),
(484, 54, 'Balaganj', 'বালাগঞ্জ'),
(485, 54, 'Companiganj', 'কোম্পানিগঞ্জ'),
(486, 54, 'Fenchuganj', 'ফেঞ্চুগঞ্জ'),
(487, 54, 'Golapganj', 'গোলাপগঞ্জ'),
(488, 54, 'Gowainghat', 'গোয়াইনঘাট'),
(489, 54, 'Jaintiapur', 'জয়ন্তপুর'),
(490, 54, 'Kanaighat', 'কানাইঘাট'),
(491, 54, 'Zakiganj', 'জাকিগঞ্জ'),
(492, 54, 'Nobigonj', 'নবীগঞ্জ');

-- --------------------------------------------------------

--
-- Table structure for table `user`
--

CREATE TABLE IF NOT EXISTS `user` (
`id` int(11) NOT NULL,
  `name` varchar(20) NOT NULL,
  `fathersName` varchar(20) NOT NULL,
  `dateOfBirth` varchar(20) NOT NULL,
  `district` varchar(20) NOT NULL,
  `thana` varchar(20) NOT NULL,
  `userPhoto` varchar(20) NOT NULL,
  `email` varchar(20) NOT NULL,
  `phone` varchar(20) NOT NULL,
  `projectName` varchar(20) NOT NULL,
  `projectCategory` varchar(20) DEFAULT NULL,
  `projectFileName` varchar(20) NOT NULL,
  `created` timestamp NOT NULL DEFAULT CURRENT_TIMESTAMP ON UPDATE CURRENT_TIMESTAMP
) ENGINE=InnoDB  DEFAULT CHARSET=latin1 AUTO_INCREMENT=6 ;

--
-- Dumping data for table `user`
--

INSERT INTO `user` (`id`, `name`, `fathersName`, `dateOfBirth`, `district`, `thana`, `userPhoto`, `email`, `phone`, `projectName`, `projectCategory`, `projectFileName`, `created`) VALUES
(1, 'Ahmed', 'Mr Arman ahmed', '06/06/1987', '', '1', '', 'ahmed', '01723837318', 'web app', '1', '01.jpg', '2015-08-07 06:32:56'),
(2, 'Mr Michel', 'Mr. X Michel', '06/06/1987', '2', '3', '', 'michel@gmail.com', '01717404050', 'Mobile App', '3', 'test.html', '2015-08-07 06:44:20'),
(3, 'Mr Mahmud', 'Mr Rashed', '12/16/2015', '24', 'Godagari', '', 'mahmed@gmail.com', '01723837488', 'Ui Layout', '3', 'Penguins1.jpg', '2015-08-08 06:18:34'),
(4, 'Mr Rakib', 'Mr Nakib', '08/19/2015', '14', 'Pangsha Upazila', '', 'rakib@gmail.com', '01722374747', 'my first project', '3', 'Lighthouse.jpg', '2015-08-08 08:05:05'),
(5, 'Nohan', 'Raihan', '08/27/2015', '4', 'Gopalganj Sadar Upaz', 'Lighthouse.jpg', 'nohan@gmail.com', '01717883040', 'school app', '3', 'Lighthouse1.jpg', '2015-08-08 10:25:46');

--
-- Indexes for dumped tables
--

--
-- Indexes for table `admin`
--
ALTER TABLE `admin`
 ADD PRIMARY KEY (`id`);

--
-- Indexes for table `district`
--
ALTER TABLE `district`
 ADD PRIMARY KEY (`id`);

--
-- Indexes for table `project`
--
ALTER TABLE `project`
 ADD PRIMARY KEY (`id`);

--
-- Indexes for table `thana`
--
ALTER TABLE `thana`
 ADD PRIMARY KEY (`id`);

--
-- Indexes for table `user`
--
ALTER TABLE `user`
 ADD PRIMARY KEY (`id`);

--
-- AUTO_INCREMENT for dumped tables
--

--
-- AUTO_INCREMENT for table `district`
--
ALTER TABLE `district`
MODIFY `id` int(2) unsigned NOT NULL AUTO_INCREMENT,AUTO_INCREMENT=65;
--
-- AUTO_INCREMENT for table `project`
--
ALTER TABLE `project`
MODIFY `id` int(11) NOT NULL AUTO_INCREMENT,AUTO_INCREMENT=13;
--
-- AUTO_INCREMENT for table `thana`
--
ALTER TABLE `thana`
MODIFY `id` int(11) NOT NULL AUTO_INCREMENT,AUTO_INCREMENT=493;
--
-- AUTO_INCREMENT for table `user`
--
ALTER TABLE `user`
MODIFY `id` int(11) NOT NULL AUTO_INCREMENT,AUTO_INCREMENT=6;
/*!40101 SET CHARACTER_SET_CLIENT=@OLD_CHARACTER_SET_CLIENT */;
/*!40101 SET CHARACTER_SET_RESULTS=@OLD_CHARACTER_SET_RESULTS */;
/*!40101 SET COLLATION_CONNECTION=@OLD_COLLATION_CONNECTION */;
